subnet_idx,bits,weight
0,00000000,0.00390625
1,10000000,0.00390625
2,01000000,0.00390625
3,11000000,0.00390625
4,00100000,0.00390625
5,10100000,0.00390625
6,01100000,0.00390625
7,11100000,0.00390625
8,00010000,0.00390625
9,10010000,0.00390625
10,01010000,0.00390625
11,11010000,0.00390625
12,00110000,0.00390625
13,10110000,0.00390625
14,01110000,0.00390625
15,11110000,0.00390625
16,00001000,0.00390625
17,10001000,0.00390625
18,01001000,0.00390625
19,11001000,0.00390625
20,00101000,0.00390625
21,10101000,0.00390625
22,01101000,0.00390625
23,11101000,0.00390625
24,00011000,0.00390625
25,10011000,0.00390625
26,01011000,0.00390625
27,11011000,0.00390625
28,00111000,0.00390625
29,10111000,0.00390625
30,01111000,0.00390625
31,11111000,0.00390625
32,00000100,0.00390625
33,10000100,0.00390625
34,01000100,0.00390625
35,11000100,0.00390625
36,00100100,0.00390625
37,10100100,0.00390625
38,01100100,0.00390625
39,11100100,0.00390625
40,00010100,0.00390625
41,10010100,0.00390625
42,01010100,0.00390625
43,11010100,0.00390625
44,00110100,0.00390625
45,10110100,0.00390625
46,01110100,0.00390625
47,11110100,0.00390625
48,00001100,0.00390625
49,10001100,0.00390625
50,01001100,0.00390625
51,11001100,0.00390625
52,00101100,0.00390625
53,10101100,0.00390625
54,01101100,0.00390625
55,11101100,0.00390625
56,00011100,0.00390625
57,10011100,0.00390625
58,01011100,0.00390625
59,11011100,0.00390625
60,00111100,0.00390625
61,10111100,0.00390625
62,01111100,0.00390625
63,11111100,0.00390625
64,00000010,0.00390625
65,10000010,0.00390625
66,01000010,0.00390625
67,11000010,0.00390625
68,00100010,0.00390625
69,10100010,0.00390625
70,01100010,0.00390625
71,11100010,0.00390625
72,00010010,0.00390625
73,10010010,0.00390625
74,01010010,0.00390625
75,11010010,0.00390625
76,00110010,0.00390625
77,10110010,0.00390625
78,01110010,0.00390625
79,11110010,0.00390625
80,00001010,0.00390625
81,10001010,0.00390625
82,01001010,0.00390625
83,11001010,0.00390625
84,00101010,0.00390625
85,10101010,0.00390625
86,01101010,0.00390625
87,11101010,0.00390625
88,00011010,0.00390625
89,10011010,0.00390625
90,01011010,0.00390625
91,11011010,0.00390625
92,00111010,0.00390625
93,10111010,0.00390625
94,01111010,0.00390625
95,11111010,0.00390625
96,00000110,0.00390625
97,10000110,0.00390625
98,01000110,0.00390625
99,11000110,0.00390625
100,00100110,0.00390625
101,10100110,0.00390625
102,01100110,0.00390625
103,11100110,0.00390625
104,00010110,0.00390625
105,10010110,0.00390625
106,01010110,0.00390625
107,11010110,0.00390625
108,00110110,0.00390625
109,10110110,0.00390625
110,01110110,0.00390625
111,11110110,0.00390625
112,00001110,0.00390625
113,10001110,0.00390625
114,01001110,0.00390625
115,11001110,0.00390625
116,00101110,0.00390625
117,10101110,0.00390625
118,01101110,0.00390625
119,11101110,0.00390625
120,00011110,0.00390625
121,10011110,0.00390625
122,01011110,0.00390625
123,11011110,0.00390625
124,00111110,0.00390625
125,10111110,0.00390625
126,01111110,0.00390625
127,11111110,0.00390625
128,00000001,0.00390625
129,10000001,0.00390625
130,01000001,0.00390625
131,11000001,0.00390625
132,00100001,0.00390625
133,10100001,0.00390625
134,01100001,0.00390625
135,11100001,0.00390625
136,00010001,0.00390625
137,10010001,0.00390625
138,01010001,0.00390625
139,11010001,0.00390625
140,00110001,0.00390625
141,10110001,0.00390625
142,01110001,0.00390625
143,11110001,0.00390625
144,00001001,0.00390625
145,10001001,0.00390625
146,01001001,0.00390625
147,11001001,0.00390625
148,00101001,0.00390625
149,10101001,0.00390625
150,01101001,0.00390625
151,11101001,0.00390625
152,00011001,0.00390625
153,10011001,0.00390625
154,01011001,0.00390625
155,11011001,0.00390625
156,00111001,0.00390625
157,10111001,0.00390625
158,01111001,0.00390625
159,11111001,0.00390625
160,00000101,0.00390625
161,10000101,0.00390625
162,01000101,0.00390625
163,11000101,0.00390625
164,00100101,0.00390625
165,10100101,0.00390625
166,01100101,0.00390625
167,11100101,0.00390625
168,00010101,0.00390625
169,10010101,0.00390625
170,01010101,0.00390625
171,11010101,0.00390625
172,00110101,0.00390625
173,10110101,0.00390625
174,01110101,0.00390625
175,11110101,0.00390625
176,00001101,0.00390625
177,10001101,0.00390625
178,01001101,0.00390625
179,11001101,0.00390625
180,00101101,0.00390625
181,10101101,0.00390625
182,01101101,0.00390625
183,11101101,0.00390625
184,00011101,0.00390625
185,10011101,0.00390625
186,01011101,0.00390625
187,11011101,0.00390625
188,00111101,0.00390625
189,10111101,0.00390625
190,01111101,0.00390625
191,11111101,0.00390625
192,00000011,0.00390625
193,10000011,0.00390625
194,01000011,0.00390625
195,11000011,0.00390625
196,00100011,0.00390625
197,10100011,0.00390625
198,01100011,0.00390625
199,11100011,0.00390625
200,00010011,0.00390625
201,10010011,0.00390625
202,01010011,0.00390625
203,11010011,0.00390625
204,00110011,0.00390625
205,10110011,0.00390625
206,01110011,0.00390625
207,11110011,0.00390625
208,00001011,0.00390625
209,10001011,0.00390625
210,01001011,0.00390625
211,11001011,0.00390625
212,00101011,0.00390625
213,10101011,0.00390625
214,01101011,0.00390625
215,11101011,0.00390625
216,00011011,0.00390625
217,10011011,0.00390625
218,01011011,0.00390625
219,11011011,0.00390625
220,00111011,0.00390625
221,10111011,0.00390625
222,01111011,0.00390625
223,11111011,0.00390625
224,00000111,0.00390625
225,10000111,0.00390625
226,01000111,0.00390625
227,11000111,0.00390625
228,00100111,0.00390625
229,10100111,0.00390625
230,01100111,0.00390625
231,11100111,0.00390625
232,00010111,0.00390625
233,10010111,0.00390625
234,01010111,0.00390625
235,11010111,0.00390625
236,00110111,0.00390625
237,10110111,0.00390625
238,01110111,0.00390625
239,11110111,0.00390625
240,00001111,0.00390625
241,10001111,0.00390625
242,01001111,0.00390625
243,11001111,0.00390625
244,00101111,0.00390625
245,10101111,0.00390625
246,01101111,0.00390625
247,11101111,0.00390625
248,00011111,0.00390625
249,10011111,0.00390625
250,01011111,0.00390625
251,11011111,0.00390625
252,00111111,0.00390625
253,10111111,0.00390625
254,01111111,0.00390625
255,11111111,0.00390625
