subnet_idx,bits,weight,path
0,00000000,0.00390625,L1.B0:Skip | L1.B1:Skip | L2.B0:Skip | L2.B1:Skip | L3.B0:Skip | L3.B1:Skip | L4.B0:Skip | L4.B1:Skip
1,10000000,0.00390625,L1.B0:Full | L1.B1:Skip | L2.B0:Skip | L2.B1:Skip | L3.B0:Skip | L3.B1:Skip | L4.B0:Skip | L4.B1:Skip
2,01000000,0.00390625,L1.B0:Skip | L1.B1:Full | L2.B0:Skip | L2.B1:Skip | L3.B0:Skip | L3.B1:Skip | L4.B0:Skip | L4.B1:Skip
3,11000000,0.00390625,L1.B0:Full | L1.B1:Full | L2.B0:Skip | L2.B1:Skip | L3.B0:Skip | L3.B1:Skip | L4.B0:Skip | L4.B1:Skip
4,00100000,0.00390625,L1.B0:Skip | L1.B1:Skip | L2.B0:Full | L2.B1:Skip | L3.B0:Skip | L3.B1:Skip | L4.B0:Skip | L4.B1:Skip
5,10100000,0.00390625,L1.B0:Full | L1.B1:Skip | L2.B0:Full | L2.B1:Skip | L3.B0:Skip | L3.B1:Skip | L4.B0:Skip | L4.B1:Skip
6,01100000,0.00390625,L1.B0:Skip | L1.B1:Full | L2.B0:Full | L2.B1:Skip | L3.B0:Skip | L3.B1:Skip | L4.B0:Skip | L4.B1:Skip
7,11100000,0.00390625,L1.B0:Full | L1.B1:Full | L2.B0:Full | L2.B1:Skip | L3.B0:Skip | L3.B1:Skip | L4.B0:Skip | L4.B1:Skip
8,00010000,0.00390625,L1.B0:Skip | L1.B1:Skip | L2.B0:Skip | L2.B1:Full | L3.B0:Skip | L3.B1:Skip | L4.B0:Skip | L4.B1:Skip
9,10010000,0.00390625,L1.B0:Full | L1.B1:Skip | L2.B0:Skip | L2.B1:Full | L3.B0:Skip | L3.B1:Skip | L4.B0:Skip | L4.B1:Skip
10,01010000,0.00390625,L1.B0:Skip | L1.B1:Full | L2.B0:Skip | L2.B1:Full | L3.B0:Skip | L3.B1:Skip | L4.B0:Skip | L4.B1:Skip
11,11010000,0.00390625,L1.B0:Full | L1.B1:Full | L2.B0:Skip | L2.B1:Full | L3.B0:Skip | L3.B1:Skip | L4.B0:Skip | L4.B1:Skip
12,00110000,0.00390625,L1.B0:Skip | L1.B1:Skip | L2.B0:Full | L2.B1:Full | L3.B0:Skip | L3.B1:Skip | L4.B0:Skip | L4.B1:Skip
13,10110000,0.00390625,L1.B0:Full | L1.B1:Skip | L2.B0:Full | L2.B1:Full | L3.B0:Skip | L3.B1:Skip | L4.B0:Skip | L4.B1:Skip
14,01110000,0.00390625,L1.B0:Skip | L1.B1:Full | L2.B0:Full | L2.B1:Full | L3.B0:Skip | L3.B1:Skip | L4.B0:Skip | L4.B1:Skip
15,11110000,0.00390625,L1.B0:Full | L1.B1:Full | L2.B0:Full | L2.B1:Full | L3.B0:Skip | L3.B1:Skip | L4.B0:Skip | L4.B1:Skip
16,00001000,0.00390625,L1.B0:Skip | L1.B1:Skip | L2.B0:Skip | L2.B1:Skip | L3.B0:Full | L3.B1:Skip | L4.B0:Skip | L4.B1:Skip
17,10001000,0.00390625,L1.B0:Full | L1.B1:Skip | L2.B0:Skip | L2.B1:Skip | L3.B0:Full | L3.B1:Skip | L4.B0:Skip | L4.B1:Skip
18,01001000,0.00390625,L1.B0:Skip | L1.B1:Full | L2.B0:Skip | L2.B1:Skip | L3.B0:Full | L3.B1:Skip | L4.B0:Skip | L4.B1:Skip
19,11001000,0.00390625,L1.B0:Full | L1.B1:Full | L2.B0:Skip | L2.B1:Skip | L3.B0:Full | L3.B1:Skip | L4.B0:Skip | L4.B1:Skip
20,00101000,0.00390625,L1.B0:Skip | L1.B1:Skip | L2.B0:Full | L2.B1:Skip | L3.B0:Full | L3.B1:Skip | L4.B0:Skip | L4.B1:Skip
21,10101000,0.00390625,L1.B0:Full | L1.B1:Skip | L2.B0:Full | L2.B1:Skip | L3.B0:Full | L3.B1:Skip | L4.B0:Skip | L4.B1:Skip
22,01101000,0.00390625,L1.B0:Skip | L1.B1:Full | L2.B0:Full | L2.B1:Skip | L3.B0:Full | L3.B1:Skip | L4.B0:Skip | L4.B1:Skip
23,11101000,0.00390625,L1.B0:Full | L1.B1:Full | L2.B0:Full | L2.B1:Skip | L3.B0:Full | L3.B1:Skip | L4.B0:Skip | L4.B1:Skip
24,00011000,0.00390625,L1.B0:Skip | L1.B1:Skip | L2.B0:Skip | L2.B1:Full | L3.B0:Full | L3.B1:Skip | L4.B0:Skip | L4.B1:Skip
25,10011000,0.00390625,L1.B0:Full | L1.B1:Skip | L2.B0:Skip | L2.B1:Full | L3.B0:Full | L3.B1:Skip | L4.B0:Skip | L4.B1:Skip
26,01011000,0.00390625,L1.B0:Skip | L1.B1:Full | L2.B0:Skip | L2.B1:Full | L3.B0:Full | L3.B1:Skip | L4.B0:Skip | L4.B1:Skip
27,11011000,0.00390625,L1.B0:Full | L1.B1:Full | L2.B0:Skip | L2.B1:Full | L3.B0:Full | L3.B1:Skip | L4.B0:Skip | L4.B1:Skip
28,00111000,0.00390625,L1.B0:Skip | L1.B1:Skip | L2.B0:Full | L2.B1:Full | L3.B0:Full | L3.B1:Skip | L4.B0:Skip | L4.B1:Skip
29,10111000,0.00390625,L1.B0:Full | L1.B1:Skip | L2.B0:Full | L2.B1:Full | L3.B0:Full | L3.B1:Skip | L4.B0:Skip | L4.B1:Skip
30,01111000,0.00390625,L1.B0:Skip | L1.B1:Full | L2.B0:Full | L2.B1:Full | L3.B0:Full | L3.B1:Skip | L4.B0:Skip | L4.B1:Skip
31,11111000,0.00390625,L1.B0:Full | L1.B1:Full | L2.B0:Full | L2.B1:Full | L3.B0:Full | L3.B1:Skip | L4.B0:Skip | L4.B1:Skip
32,00000100,0.00390625,L1.B0:Skip | L1.B1:Skip | L2.B0:Skip | L2.B1:Skip | L3.B0:Skip | L3.B1:Full | L4.B0:Skip | L4.B1:Skip
33,10000100,0.00390625,L1.B0:Full | L1.B1:Skip | L2.B0:Skip | L2.B1:Skip | L3.B0:Skip | L3.B1:Full | L4.B0:Skip | L4.B1:Skip
34,01000100,0.00390625,L1.B0:Skip | L1.B1:Full | L2.B0:Skip | L2.B1:Skip | L3.B0:Skip | L3.B1:Full | L4.B0:Skip | L4.B1:Skip
35,11000100,0.00390625,L1.B0:Full | L1.B1:Full | L2.B0:Skip | L2.B1:Skip | L3.B0:Skip | L3.B1:Full | L4.B0:Skip | L4.B1:Skip
36,00100100,0.00390625,L1.B0:Skip | L1.B1:Skip | L2.B0:Full | L2.B1:Skip | L3.B0:Skip | L3.B1:Full | L4.B0:Skip | L4.B1:Skip
37,10100100,0.00390625,L1.B0:Full | L1.B1:Skip | L2.B0:Full | L2.B1:Skip | L3.B0:Skip | L3.B1:Full | L4.B0:Skip | L4.B1:Skip
38,01100100,0.00390625,L1.B0:Skip | L1.B1:Full | L2.B0:Full | L2.B1:Skip | L3.B0:Skip | L3.B1:Full | L4.B0:Skip | L4.B1:Skip
39,11100100,0.00390625,L1.B0:Full | L1.B1:Full | L2.B0:Full | L2.B1:Skip | L3.B0:Skip | L3.B1:Full | L4.B0:Skip | L4.B1:Skip
40,00010100,0.00390625,L1.B0:Skip | L1.B1:Skip | L2.B0:Skip | L2.B1:Full | L3.B0:Skip | L3.B1:Full | L4.B0:Skip | L4.B1:Skip
41,10010100,0.00390625,L1.B0:Full | L1.B1:Skip | L2.B0:Skip | L2.B1:Full | L3.B0:Skip | L3.B1:Full | L4.B0:Skip | L4.B1:Skip
42,01010100,0.00390625,L1.B0:Skip | L1.B1:Full | L2.B0:Skip | L2.B1:Full | L3.B0:Skip | L3.B1:Full | L4.B0:Skip | L4.B1:Skip
43,11010100,0.00390625,L1.B0:Full | L1.B1:Full | L2.B0:Skip | L2.B1:Full | L3.B0:Skip | L3.B1:Full | L4.B0:Skip | L4.B1:Skip
44,00110100,0.00390625,L1.B0:Skip | L1.B1:Skip | L2.B0:Full | L2.B1:Full | L3.B0:Skip | L3.B1:Full | L4.B0:Skip | L4.B1:Skip
45,10110100,0.00390625,L1.B0:Full | L1.B1:Skip | L2.B0:Full | L2.B1:Full | L3.B0:Skip | L3.B1:Full | L4.B0:Skip | L4.B1:Skip
46,01110100,0.00390625,L1.B0:Skip | L1.B1:Full | L2.B0:Full | L2.B1:Full | L3.B0:Skip | L3.B1:Full | L4.B0:Skip | L4.B1:Skip
47,11110100,0.00390625,L1.B0:Full | L1.B1:Full | L2.B0:Full | L2.B1:Full | L3.B0:Skip | L3.B1:Full | L4.B0:Skip | L4.B1:Skip
48,00001100,0.00390625,L1.B0:Skip | L1.B1:Skip | L2.B0:Skip | L2.B1:Skip | L3.B0:Full | L3.B1:Full | L4.B0:Skip | L4.B1:Skip
49,10001100,0.00390625,L1.B0:Full | L1.B1:Skip | L2.B0:Skip | L2.B1:Skip | L3.B0:Full | L3.B1:Full | L4.B0:Skip | L4.B1:Skip
50,01001100,0.00390625,L1.B0:Skip | L1.B1:Full | L2.B0:Skip | L2.B1:Skip | L3.B0:Full | L3.B1:Full | L4.B0:Skip | L4.B1:Skip
51,11001100,0.00390625,L1.B0:Full | L1.B1:Full | L2.B0:Skip | L2.B1:Skip | L3.B0:Full | L3.B1:Full | L4.B0:Skip | L4.B1:Skip
52,00101100,0.00390625,L1.B0:Skip | L1.B1:Skip | L2.B0:Full | L2.B1:Skip | L3.B0:Full | L3.B1:Full | L4.B0:Skip | L4.B1:Skip
53,10101100,0.00390625,L1.B0:Full | L1.B1:Skip | L2.B0:Full | L2.B1:Skip | L3.B0:Full | L3.B1:Full | L4.B0:Skip | L4.B1:Skip
54,01101100,0.00390625,L1.B0:Skip | L1.B1:Full | L2.B0:Full | L2.B1:Skip | L3.B0:Full | L3.B1:Full | L4.B0:Skip | L4.B1:Skip
55,11101100,0.00390625,L1.B0:Full | L1.B1:Full | L2.B0:Full | L2.B1:Skip | L3.B0:Full | L3.B1:Full | L4.B0:Skip | L4.B1:Skip
56,00011100,0.00390625,L1.B0:Skip | L1.B1:Skip | L2.B0:Skip | L2.B1:Full | L3.B0:Full | L3.B1:Full | L4.B0:Skip | L4.B1:Skip
57,10011100,0.00390625,L1.B0:Full | L1.B1:Skip | L2.B0:Skip | L2.B1:Full | L3.B0:Full | L3.B1:Full | L4.B0:Skip | L4.B1:Skip
58,01011100,0.00390625,L1.B0:Skip | L1.B1:Full | L2.B0:Skip | L2.B1:Full | L3.B0:Full | L3.B1:Full | L4.B0:Skip | L4.B1:Skip
59,11011100,0.00390625,L1.B0:Full | L1.B1:Full | L2.B0:Skip | L2.B1:Full | L3.B0:Full | L3.B1:Full | L4.B0:Skip | L4.B1:Skip
60,00111100,0.00390625,L1.B0:Skip | L1.B1:Skip | L2.B0:Full | L2.B1:Full | L3.B0:Full | L3.B1:Full | L4.B0:Skip | L4.B1:Skip
61,10111100,0.00390625,L1.B0:Full | L1.B1:Skip | L2.B0:Full | L2.B1:Full | L3.B0:Full | L3.B1:Full | L4.B0:Skip | L4.B1:Skip
62,01111100,0.00390625,L1.B0:Skip | L1.B1:Full | L2.B0:Full | L2.B1:Full | L3.B0:Full | L3.B1:Full | L4.B0:Skip | L4.B1:Skip
63,11111100,0.00390625,L1.B0:Full | L1.B1:Full | L2.B0:Full | L2.B1:Full | L3.B0:Full | L3.B1:Full | L4.B0:Skip | L4.B1:Skip
64,00000010,0.00390625,L1.B0:Skip | L1.B1:Skip | L2.B0:Skip | L2.B1:Skip | L3.B0:Skip | L3.B1:Skip | L4.B0:Full | L4.B1:Skip
65,10000010,0.00390625,L1.B0:Full | L1.B1:Skip | L2.B0:Skip | L2.B1:Skip | L3.B0:Skip | L3.B1:Skip | L4.B0:Full | L4.B1:Skip
66,01000010,0.00390625,L1.B0:Skip | L1.B1:Full | L2.B0:Skip | L2.B1:Skip | L3.B0:Skip | L3.B1:Skip | L4.B0:Full | L4.B1:Skip
67,11000010,0.00390625,L1.B0:Full | L1.B1:Full | L2.B0:Skip | L2.B1:Skip | L3.B0:Skip | L3.B1:Skip | L4.B0:Full | L4.B1:Skip
68,00100010,0.00390625,L1.B0:Skip | L1.B1:Skip | L2.B0:Full | L2.B1:Skip | L3.B0:Skip | L3.B1:Skip | L4.B0:Full | L4.B1:Skip
69,10100010,0.00390625,L1.B0:Full | L1.B1:Skip | L2.B0:Full | L2.B1:Skip | L3.B0:Skip | L3.B1:Skip | L4.B0:Full | L4.B1:Skip
70,01100010,0.00390625,L1.B0:Skip | L1.B1:Full | L2.B0:Full | L2.B1:Skip | L3.B0:Skip | L3.B1:Skip | L4.B0:Full | L4.B1:Skip
71,11100010,0.00390625,L1.B0:Full | L1.B1:Full | L2.B0:Full | L2.B1:Skip | L3.B0:Skip | L3.B1:Skip | L4.B0:Full | L4.B1:Skip
72,00010010,0.00390625,L1.B0:Skip | L1.B1:Skip | L2.B0:Skip | L2.B1:Full | L3.B0:Skip | L3.B1:Skip | L4.B0:Full | L4.B1:Skip
73,10010010,0.00390625,L1.B0:Full | L1.B1:Skip | L2.B0:Skip | L2.B1:Full | L3.B0:Skip | L3.B1:Skip | L4.B0:Full | L4.B1:Skip
74,01010010,0.00390625,L1.B0:Skip | L1.B1:Full | L2.B0:Skip | L2.B1:Full | L3.B0:Skip | L3.B1:Skip | L4.B0:Full | L4.B1:Skip
75,11010010,0.00390625,L1.B0:Full | L1.B1:Full | L2.B0:Skip | L2.B1:Full | L3.B0:Skip | L3.B1:Skip | L4.B0:Full | L4.B1:Skip
76,00110010,0.00390625,L1.B0:Skip | L1.B1:Skip | L2.B0:Full | L2.B1:Full | L3.B0:Skip | L3.B1:Skip | L4.B0:Full | L4.B1:Skip
77,10110010,0.00390625,L1.B0:Full | L1.B1:Skip | L2.B0:Full | L2.B1:Full | L3.B0:Skip | L3.B1:Skip | L4.B0:Full | L4.B1:Skip
78,01110010,0.00390625,L1.B0:Skip | L1.B1:Full | L2.B0:Full | L2.B1:Full | L3.B0:Skip | L3.B1:Skip | L4.B0:Full | L4.B1:Skip
79,11110010,0.00390625,L1.B0:Full | L1.B1:Full | L2.B0:Full | L2.B1:Full | L3.B0:Skip | L3.B1:Skip | L4.B0:Full | L4.B1:Skip
80,00001010,0.00390625,L1.B0:Skip | L1.B1:Skip | L2.B0:Skip | L2.B1:Skip | L3.B0:Full | L3.B1:Skip | L4.B0:Full | L4.B1:Skip
81,10001010,0.00390625,L1.B0:Full | L1.B1:Skip | L2.B0:Skip | L2.B1:Skip | L3.B0:Full | L3.B1:Skip | L4.B0:Full | L4.B1:Skip
82,01001010,0.00390625,L1.B0:Skip | L1.B1:Full | L2.B0:Skip | L2.B1:Skip | L3.B0:Full | L3.B1:Skip | L4.B0:Full | L4.B1:Skip
83,11001010,0.00390625,L1.B0:Full | L1.B1:Full | L2.B0:Skip | L2.B1:Skip | L3.B0:Full | L3.B1:Skip | L4.B0:Full | L4.B1:Skip
84,00101010,0.00390625,L1.B0:Skip | L1.B1:Skip | L2.B0:Full | L2.B1:Skip | L3.B0:Full | L3.B1:Skip | L4.B0:Full | L4.B1:Skip
85,10101010,0.00390625,L1.B0:Full | L1.B1:Skip | L2.B0:Full | L2.B1:Skip | L3.B0:Full | L3.B1:Skip | L4.B0:Full | L4.B1:Skip
86,01101010,0.00390625,L1.B0:Skip | L1.B1:Full | L2.B0:Full | L2.B1:Skip | L3.B0:Full | L3.B1:Skip | L4.B0:Full | L4.B1:Skip
87,11101010,0.00390625,L1.B0:Full | L1.B1:Full | L2.B0:Full | L2.B1:Skip | L3.B0:Full | L3.B1:Skip | L4.B0:Full | L4.B1:Skip
88,00011010,0.00390625,L1.B0:Skip | L1.B1:Skip | L2.B0:Skip | L2.B1:Full | L3.B0:Full | L3.B1:Skip | L4.B0:Full | L4.B1:Skip
89,10011010,0.00390625,L1.B0:Full | L1.B1:Skip | L2.B0:Skip | L2.B1:Full | L3.B0:Full | L3.B1:Skip | L4.B0:Full | L4.B1:Skip
90,01011010,0.00390625,L1.B0:Skip | L1.B1:Full | L2.B0:Skip | L2.B1:Full | L3.B0:Full | L3.B1:Skip | L4.B0:Full | L4.B1:Skip
91,11011010,0.00390625,L1.B0:Full | L1.B1:Full | L2.B0:Skip | L2.B1:Full | L3.B0:Full | L3.B1:Skip | L4.B0:Full | L4.B1:Skip
92,00111010,0.00390625,L1.B0:Skip | L1.B1:Skip | L2.B0:Full | L2.B1:Full | L3.B0:Full | L3.B1:Skip | L4.B0:Full | L4.B1:Skip
93,10111010,0.00390625,L1.B0:Full | L1.B1:Skip | L2.B0:Full | L2.B1:Full | L3.B0:Full | L3.B1:Skip | L4.B0:Full | L4.B1:Skip
94,01111010,0.00390625,L1.B0:Skip | L1.B1:Full | L2.B0:Full | L2.B1:Full | L3.B0:Full | L3.B1:Skip | L4.B0:Full | L4.B1:Skip
95,11111010,0.00390625,L1.B0:Full | L1.B1:Full | L2.B0:Full | L2.B1:Full | L3.B0:Full | L3.B1:Skip | L4.B0:Full | L4.B1:Skip
96,00000110,0.00390625,L1.B0:Skip | L1.B1:Skip | L2.B0:Skip | L2.B1:Skip | L3.B0:Skip | L3.B1:Full | L4.B0:Full | L4.B1:Skip
97,10000110,0.00390625,L1.B0:Full | L1.B1:Skip | L2.B0:Skip | L2.B1:Skip | L3.B0:Skip | L3.B1:Full | L4.B0:Full | L4.B1:Skip
98,01000110,0.00390625,L1.B0:Skip | L1.B1:Full | L2.B0:Skip | L2.B1:Skip | L3.B0:Skip | L3.B1:Full | L4.B0:Full | L4.B1:Skip
99,11000110,0.00390625,L1.B0:Full | L1.B1:Full | L2.B0:Skip | L2.B1:Skip | L3.B0:Skip | L3.B1:Full | L4.B0:Full | L4.B1:Skip
100,00100110,0.00390625,L1.B0:Skip | L1.B1:Skip | L2.B0:Full | L2.B1:Skip | L3.B0:Skip | L3.B1:Full | L4.B0:Full | L4.B1:Skip
101,10100110,0.00390625,L1.B0:Full | L1.B1:Skip | L2.B0:Full | L2.B1:Skip | L3.B0:Skip | L3.B1:Full | L4.B0:Full | L4.B1:Skip
102,01100110,0.00390625,L1.B0:Skip | L1.B1:Full | L2.B0:Full | L2.B1:Skip | L3.B0:Skip | L3.B1:Full | L4.B0:Full | L4.B1:Skip
103,11100110,0.00390625,L1.B0:Full | L1.B1:Full | L2.B0:Full | L2.B1:Skip | L3.B0:Skip | L3.B1:Full | L4.B0:Full | L4.B1:Skip
104,00010110,0.00390625,L1.B0:Skip | L1.B1:Skip | L2.B0:Skip | L2.B1:Full | L3.B0:Skip | L3.B1:Full | L4.B0:Full | L4.B1:Skip
105,10010110,0.00390625,L1.B0:Full | L1.B1:Skip | L2.B0:Skip | L2.B1:Full | L3.B0:Skip | L3.B1:Full | L4.B0:Full | L4.B1:Skip
106,01010110,0.00390625,L1.B0:Skip | L1.B1:Full | L2.B0:Skip | L2.B1:Full | L3.B0:Skip | L3.B1:Full | L4.B0:Full | L4.B1:Skip
107,11010110,0.00390625,L1.B0:Full | L1.B1:Full | L2.B0:Skip | L2.B1:Full | L3.B0:Skip | L3.B1:Full | L4.B0:Full | L4.B1:Skip
108,00110110,0.00390625,L1.B0:Skip | L1.B1:Skip | L2.B0:Full | L2.B1:Full | L3.B0:Skip | L3.B1:Full | L4.B0:Full | L4.B1:Skip
109,10110110,0.00390625,L1.B0:Full | L1.B1:Skip | L2.B0:Full | L2.B1:Full | L3.B0:Skip | L3.B1:Full | L4.B0:Full | L4.B1:Skip
110,01110110,0.00390625,L1.B0:Skip | L1.B1:Full | L2.B0:Full | L2.B1:Full | L3.B0:Skip | L3.B1:Full | L4.B0:Full | L4.B1:Skip
111,11110110,0.00390625,L1.B0:Full | L1.B1:Full | L2.B0:Full | L2.B1:Full | L3.B0:Skip | L3.B1:Full | L4.B0:Full | L4.B1:Skip
112,00001110,0.00390625,L1.B0:Skip | L1.B1:Skip | L2.B0:Skip | L2.B1:Skip | L3.B0:Full | L3.B1:Full | L4.B0:Full | L4.B1:Skip
113,10001110,0.00390625,L1.B0:Full | L1.B1:Skip | L2.B0:Skip | L2.B1:Skip | L3.B0:Full | L3.B1:Full | L4.B0:Full | L4.B1:Skip
114,01001110,0.00390625,L1.B0:Skip | L1.B1:Full | L2.B0:Skip | L2.B1:Skip | L3.B0:Full | L3.B1:Full | L4.B0:Full | L4.B1:Skip
115,11001110,0.00390625,L1.B0:Full | L1.B1:Full | L2.B0:Skip | L2.B1:Skip | L3.B0:Full | L3.B1:Full | L4.B0:Full | L4.B1:Skip
116,00101110,0.00390625,L1.B0:Skip | L1.B1:Skip | L2.B0:Full | L2.B1:Skip | L3.B0:Full | L3.B1:Full | L4.B0:Full | L4.B1:Skip
117,10101110,0.00390625,L1.B0:Full | L1.B1:Skip | L2.B0:Full | L2.B1:Skip | L3.B0:Full | L3.B1:Full | L4.B0:Full | L4.B1:Skip
118,01101110,0.00390625,L1.B0:Skip | L1.B1:Full | L2.B0:Full | L2.B1:Skip | L3.B0:Full | L3.B1:Full | L4.B0:Full | L4.B1:Skip
119,11101110,0.00390625,L1.B0:Full | L1.B1:Full | L2.B0:Full | L2.B1:Skip | L3.B0:Full | L3.B1:Full | L4.B0:Full | L4.B1:Skip
120,00011110,0.00390625,L1.B0:Skip | L1.B1:Skip | L2.B0:Skip | L2.B1:Full | L3.B0:Full | L3.B1:Full | L4.B0:Full | L4.B1:Skip
121,10011110,0.00390625,L1.B0:Full | L1.B1:Skip | L2.B0:Skip | L2.B1:Full | L3.B0:Full | L3.B1:Full | L4.B0:Full | L4.B1:Skip
122,01011110,0.00390625,L1.B0:Skip | L1.B1:Full | L2.B0:Skip | L2.B1:Full | L3.B0:Full | L3.B1:Full | L4.B0:Full | L4.B1:Skip
123,11011110,0.00390625,L1.B0:Full | L1.B1:Full | L2.B0:Skip | L2.B1:Full | L3.B0:Full | L3.B1:Full | L4.B0:Full | L4.B1:Skip
124,00111110,0.00390625,L1.B0:Skip | L1.B1:Skip | L2.B0:Full | L2.B1:Full | L3.B0:Full | L3.B1:Full | L4.B0:Full | L4.B1:Skip
125,10111110,0.00390625,L1.B0:Full | L1.B1:Skip | L2.B0:Full | L2.B1:Full | L3.B0:Full | L3.B1:Full | L4.B0:Full | L4.B1:Skip
126,01111110,0.00390625,L1.B0:Skip | L1.B1:Full | L2.B0:Full | L2.B1:Full | L3.B0:Full | L3.B1:Full | L4.B0:Full | L4.B1:Skip
127,11111110,0.00390625,L1.B0:Full | L1.B1:Full | L2.B0:Full | L2.B1:Full | L3.B0:Full | L3.B1:Full | L4.B0:Full | L4.B1:Skip
128,00000001,0.00390625,L1.B0:Skip | L1.B1:Skip | L2.B0:Skip | L2.B1:Skip | L3.B0:Skip | L3.B1:Skip | L4.B0:Skip | L4.B1:Full
129,10000001,0.00390625,L1.B0:Full | L1.B1:Skip | L2.B0:Skip | L2.B1:Skip | L3.B0:Skip | L3.B1:Skip | L4.B0:Skip | L4.B1:Full
130,01000001,0.00390625,L1.B0:Skip | L1.B1:Full | L2.B0:Skip | L2.B1:Skip | L3.B0:Skip | L3.B1:Skip | L4.B0:Skip | L4.B1:Full
131,11000001,0.00390625,L1.B0:Full | L1.B1:Full | L2.B0:Skip | L2.B1:Skip | L3.B0:Skip | L3.B1:Skip | L4.B0:Skip | L4.B1:Full
132,00100001,0.00390625,L1.B0:Skip | L1.B1:Skip | L2.B0:Full | L2.B1:Skip | L3.B0:Skip | L3.B1:Skip | L4.B0:Skip | L4.B1:Full
133,10100001,0.00390625,L1.B0:Full | L1.B1:Skip | L2.B0:Full | L2.B1:Skip | L3.B0:Skip | L3.B1:Skip | L4.B0:Skip | L4.B1:Full
134,01100001,0.00390625,L1.B0:Skip | L1.B1:Full | L2.B0:Full | L2.B1:Skip | L3.B0:Skip | L3.B1:Skip | L4.B0:Skip | L4.B1:Full
135,11100001,0.00390625,L1.B0:Full | L1.B1:Full | L2.B0:Full | L2.B1:Skip | L3.B0:Skip | L3.B1:Skip | L4.B0:Skip | L4.B1:Full
136,00010001,0.00390625,L1.B0:Skip | L1.B1:Skip | L2.B0:Skip | L2.B1:Full | L3.B0:Skip | L3.B1:Skip | L4.B0:Skip | L4.B1:Full
137,10010001,0.00390625,L1.B0:Full | L1.B1:Skip | L2.B0:Skip | L2.B1:Full | L3.B0:Skip | L3.B1:Skip | L4.B0:Skip | L4.B1:Full
138,01010001,0.00390625,L1.B0:Skip | L1.B1:Full | L2.B0:Skip | L2.B1:Full | L3.B0:Skip | L3.B1:Skip | L4.B0:Skip | L4.B1:Full
139,11010001,0.00390625,L1.B0:Full | L1.B1:Full | L2.B0:Skip | L2.B1:Full | L3.B0:Skip | L3.B1:Skip | L4.B0:Skip | L4.B1:Full
140,00110001,0.00390625,L1.B0:Skip | L1.B1:Skip | L2.B0:Full | L2.B1:Full | L3.B0:Skip | L3.B1:Skip | L4.B0:Skip | L4.B1:Full
141,10110001,0.00390625,L1.B0:Full | L1.B1:Skip | L2.B0:Full | L2.B1:Full | L3.B0:Skip | L3.B1:Skip | L4.B0:Skip | L4.B1:Full
142,01110001,0.00390625,L1.B0:Skip | L1.B1:Full | L2.B0:Full | L2.B1:Full | L3.B0:Skip | L3.B1:Skip | L4.B0:Skip | L4.B1:Full
143,11110001,0.00390625,L1.B0:Full | L1.B1:Full | L2.B0:Full | L2.B1:Full | L3.B0:Skip | L3.B1:Skip | L4.B0:Skip | L4.B1:Full
144,00001001,0.00390625,L1.B0:Skip | L1.B1:Skip | L2.B0:Skip | L2.B1:Skip | L3.B0:Full | L3.B1:Skip | L4.B0:Skip | L4.B1:Full
145,10001001,0.00390625,L1.B0:Full | L1.B1:Skip | L2.B0:Skip | L2.B1:Skip | L3.B0:Full | L3.B1:Skip | L4.B0:Skip | L4.B1:Full
146,01001001,0.00390625,L1.B0:Skip | L1.B1:Full | L2.B0:Skip | L2.B1:Skip | L3.B0:Full | L3.B1:Skip | L4.B0:Skip | L4.B1:Full
147,11001001,0.00390625,L1.B0:Full | L1.B1:Full | L2.B0:Skip | L2.B1:Skip | L3.B0:Full | L3.B1:Skip | L4.B0:Skip | L4.B1:Full
148,00101001,0.00390625,L1.B0:Skip | L1.B1:Skip | L2.B0:Full | L2.B1:Skip | L3.B0:Full | L3.B1:Skip | L4.B0:Skip | L4.B1:Full
149,10101001,0.00390625,L1.B0:Full | L1.B1:Skip | L2.B0:Full | L2.B1:Skip | L3.B0:Full | L3.B1:Skip | L4.B0:Skip | L4.B1:Full
150,01101001,0.00390625,L1.B0:Skip | L1.B1:Full | L2.B0:Full | L2.B1:Skip | L3.B0:Full | L3.B1:Skip | L4.B0:Skip | L4.B1:Full
151,11101001,0.00390625,L1.B0:Full | L1.B1:Full | L2.B0:Full | L2.B1:Skip | L3.B0:Full | L3.B1:Skip | L4.B0:Skip | L4.B1:Full
152,00011001,0.00390625,L1.B0:Skip | L1.B1:Skip | L2.B0:Skip | L2.B1:Full | L3.B0:Full | L3.B1:Skip | L4.B0:Skip | L4.B1:Full
153,10011001,0.00390625,L1.B0:Full | L1.B1:Skip | L2.B0:Skip | L2.B1:Full | L3.B0:Full | L3.B1:Skip | L4.B0:Skip | L4.B1:Full
154,01011001,0.00390625,L1.B0:Skip | L1.B1:Full | L2.B0:Skip | L2.B1:Full | L3.B0:Full | L3.B1:Skip | L4.B0:Skip | L4.B1:Full
155,11011001,0.00390625,L1.B0:Full | L1.B1:Full | L2.B0:Skip | L2.B1:Full | L3.B0:Full | L3.B1:Skip | L4.B0:Skip | L4.B1:Full
156,00111001,0.00390625,L1.B0:Skip | L1.B1:Skip | L2.B0:Full | L2.B1:Full | L3.B0:Full | L3.B1:Skip | L4.B0:Skip | L4.B1:Full
157,10111001,0.00390625,L1.B0:Full | L1.B1:Skip | L2.B0:Full | L2.B1:Full | L3.B0:Full | L3.B1:Skip | L4.B0:Skip | L4.B1:Full
158,01111001,0.00390625,L1.B0:Skip | L1.B1:Full | L2.B0:Full | L2.B1:Full | L3.B0:Full | L3.B1:Skip | L4.B0:Skip | L4.B1:Full
159,11111001,0.00390625,L1.B0:Full | L1.B1:Full | L2.B0:Full | L2.B1:Full | L3.B0:Full | L3.B1:Skip | L4.B0:Skip | L4.B1:Full
160,00000101,0.00390625,L1.B0:Skip | L1.B1:Skip | L2.B0:Skip | L2.B1:Skip | L3.B0:Skip | L3.B1:Full | L4.B0:Skip | L4.B1:Full
161,10000101,0.00390625,L1.B0:Full | L1.B1:Skip | L2.B0:Skip | L2.B1:Skip | L3.B0:Skip | L3.B1:Full | L4.B0:Skip | L4.B1:Full
162,01000101,0.00390625,L1.B0:Skip | L1.B1:Full | L2.B0:Skip | L2.B1:Skip | L3.B0:Skip | L3.B1:Full | L4.B0:Skip | L4.B1:Full
163,11000101,0.00390625,L1.B0:Full | L1.B1:Full | L2.B0:Skip | L2.B1:Skip | L3.B0:Skip | L3.B1:Full | L4.B0:Skip | L4.B1:Full
164,00100101,0.00390625,L1.B0:Skip | L1.B1:Skip | L2.B0:Full | L2.B1:Skip | L3.B0:Skip | L3.B1:Full | L4.B0:Skip | L4.B1:Full
165,10100101,0.00390625,L1.B0:Full | L1.B1:Skip | L2.B0:Full | L2.B1:Skip | L3.B0:Skip | L3.B1:Full | L4.B0:Skip | L4.B1:Full
166,01100101,0.00390625,L1.B0:Skip | L1.B1:Full | L2.B0:Full | L2.B1:Skip | L3.B0:Skip | L3.B1:Full | L4.B0:Skip | L4.B1:Full
167,11100101,0.00390625,L1.B0:Full | L1.B1:Full | L2.B0:Full | L2.B1:Skip | L3.B0:Skip | L3.B1:Full | L4.B0:Skip | L4.B1:Full
168,00010101,0.00390625,L1.B0:Skip | L1.B1:Skip | L2.B0:Skip | L2.B1:Full | L3.B0:Skip | L3.B1:Full | L4.B0:Skip | L4.B1:Full
169,10010101,0.00390625,L1.B0:Full | L1.B1:Skip | L2.B0:Skip | L2.B1:Full | L3.B0:Skip | L3.B1:Full | L4.B0:Skip | L4.B1:Full
170,01010101,0.00390625,L1.B0:Skip | L1.B1:Full | L2.B0:Skip | L2.B1:Full | L3.B0:Skip | L3.B1:Full | L4.B0:Skip | L4.B1:Full
171,11010101,0.00390625,L1.B0:Full | L1.B1:Full | L2.B0:Skip | L2.B1:Full | L3.B0:Skip | L3.B1:Full | L4.B0:Skip | L4.B1:Full
172,00110101,0.00390625,L1.B0:Skip | L1.B1:Skip | L2.B0:Full | L2.B1:Full | L3.B0:Skip | L3.B1:Full | L4.B0:Skip | L4.B1:Full
173,10110101,0.00390625,L1.B0:Full | L1.B1:Skip | L2.B0:Full | L2.B1:Full | L3.B0:Skip | L3.B1:Full | L4.B0:Skip | L4.B1:Full
174,01110101,0.00390625,L1.B0:Skip | L1.B1:Full | L2.B0:Full | L2.B1:Full | L3.B0:Skip | L3.B1:Full | L4.B0:Skip | L4.B1:Full
175,11110101,0.00390625,L1.B0:Full | L1.B1:Full | L2.B0:Full | L2.B1:Full | L3.B0:Skip | L3.B1:Full | L4.B0:Skip | L4.B1:Full
176,00001101,0.00390625,L1.B0:Skip | L1.B1:Skip | L2.B0:Skip | L2.B1:Skip | L3.B0:Full | L3.B1:Full | L4.B0:Skip | L4.B1:Full
177,10001101,0.00390625,L1.B0:Full | L1.B1:Skip | L2.B0:Skip | L2.B1:Skip | L3.B0:Full | L3.B1:Full | L4.B0:Skip | L4.B1:Full
178,01001101,0.00390625,L1.B0:Skip | L1.B1:Full | L2.B0:Skip | L2.B1:Skip | L3.B0:Full | L3.B1:Full | L4.B0:Skip | L4.B1:Full
179,11001101,0.00390625,L1.B0:Full | L1.B1:Full | L2.B0:Skip | L2.B1:Skip | L3.B0:Full | L3.B1:Full | L4.B0:Skip | L4.B1:Full
180,00101101,0.00390625,L1.B0:Skip | L1.B1:Skip | L2.B0:Full | L2.B1:Skip | L3.B0:Full | L3.B1:Full | L4.B0:Skip | L4.B1:Full
181,10101101,0.00390625,L1.B0:Full | L1.B1:Skip | L2.B0:Full | L2.B1:Skip | L3.B0:Full | L3.B1:Full | L4.B0:Skip | L4.B1:Full
182,01101101,0.00390625,L1.B0:Skip | L1.B1:Full | L2.B0:Full | L2.B1:Skip | L3.B0:Full | L3.B1:Full | L4.B0:Skip | L4.B1:Full
183,11101101,0.00390625,L1.B0:Full | L1.B1:Full | L2.B0:Full | L2.B1:Skip | L3.B0:Full | L3.B1:Full | L4.B0:Skip | L4.B1:Full
184,00011101,0.00390625,L1.B0:Skip | L1.B1:Skip | L2.B0:Skip | L2.B1:Full | L3.B0:Full | L3.B1:Full | L4.B0:Skip | L4.B1:Full
185,10011101,0.00390625,L1.B0:Full | L1.B1:Skip | L2.B0:Skip | L2.B1:Full | L3.B0:Full | L3.B1:Full | L4.B0:Skip | L4.B1:Full
186,01011101,0.00390625,L1.B0:Skip | L1.B1:Full | L2.B0:Skip | L2.B1:Full | L3.B0:Full | L3.B1:Full | L4.B0:Skip | L4.B1:Full
187,11011101,0.00390625,L1.B0:Full | L1.B1:Full | L2.B0:Skip | L2.B1:Full | L3.B0:Full | L3.B1:Full | L4.B0:Skip | L4.B1:Full
188,00111101,0.00390625,L1.B0:Skip | L1.B1:Skip | L2.B0:Full | L2.B1:Full | L3.B0:Full | L3.B1:Full | L4.B0:Skip | L4.B1:Full
189,10111101,0.00390625,L1.B0:Full | L1.B1:Skip | L2.B0:Full | L2.B1:Full | L3.B0:Full | L3.B1:Full | L4.B0:Skip | L4.B1:Full
190,01111101,0.00390625,L1.B0:Skip | L1.B1:Full | L2.B0:Full | L2.B1:Full | L3.B0:Full | L3.B1:Full | L4.B0:Skip | L4.B1:Full
191,11111101,0.00390625,L1.B0:Full | L1.B1:Full | L2.B0:Full | L2.B1:Full | L3.B0:Full | L3.B1:Full | L4.B0:Skip | L4.B1:Full
192,00000011,0.00390625,L1.B0:Skip | L1.B1:Skip | L2.B0:Skip | L2.B1:Skip | L3.B0:Skip | L3.B1:Skip | L4.B0:Full | L4.B1:Full
193,10000011,0.00390625,L1.B0:Full | L1.B1:Skip | L2.B0:Skip | L2.B1:Skip | L3.B0:Skip | L3.B1:Skip | L4.B0:Full | L4.B1:Full
194,01000011,0.00390625,L1.B0:Skip | L1.B1:Full | L2.B0:Skip | L2.B1:Skip | L3.B0:Skip | L3.B1:Skip | L4.B0:Full | L4.B1:Full
195,11000011,0.00390625,L1.B0:Full | L1.B1:Full | L2.B0:Skip | L2.B1:Skip | L3.B0:Skip | L3.B1:Skip | L4.B0:Full | L4.B1:Full
196,00100011,0.00390625,L1.B0:Skip | L1.B1:Skip | L2.B0:Full | L2.B1:Skip | L3.B0:Skip | L3.B1:Skip | L4.B0:Full | L4.B1:Full
197,10100011,0.00390625,L1.B0:Full | L1.B1:Skip | L2.B0:Full | L2.B1:Skip | L3.B0:Skip | L3.B1:Skip | L4.B0:Full | L4.B1:Full
198,01100011,0.00390625,L1.B0:Skip | L1.B1:Full | L2.B0:Full | L2.B1:Skip | L3.B0:Skip | L3.B1:Skip | L4.B0:Full | L4.B1:Full
199,11100011,0.00390625,L1.B0:Full | L1.B1:Full | L2.B0:Full | L2.B1:Skip | L3.B0:Skip | L3.B1:Skip | L4.B0:Full | L4.B1:Full
200,00010011,0.00390625,L1.B0:Skip | L1.B1:Skip | L2.B0:Skip | L2.B1:Full | L3.B0:Skip | L3.B1:Skip | L4.B0:Full | L4.B1:Full
201,10010011,0.00390625,L1.B0:Full | L1.B1:Skip | L2.B0:Skip | L2.B1:Full | L3.B0:Skip | L3.B1:Skip | L4.B0:Full | L4.B1:Full
202,01010011,0.00390625,L1.B0:Skip | L1.B1:Full | L2.B0:Skip | L2.B1:Full | L3.B0:Skip | L3.B1:Skip | L4.B0:Full | L4.B1:Full
203,11010011,0.00390625,L1.B0:Full | L1.B1:Full | L2.B0:Skip | L2.B1:Full | L3.B0:Skip | L3.B1:Skip | L4.B0:Full | L4.B1:Full
204,00110011,0.00390625,L1.B0:Skip | L1.B1:Skip | L2.B0:Full | L2.B1:Full | L3.B0:Skip | L3.B1:Skip | L4.B0:Full | L4.B1:Full
205,10110011,0.00390625,L1.B0:Full | L1.B1:Skip | L2.B0:Full | L2.B1:Full | L3.B0:Skip | L3.B1:Skip | L4.B0:Full | L4.B1:Full
206,01110011,0.00390625,L1.B0:Skip | L1.B1:Full | L2.B0:Full | L2.B1:Full | L3.B0:Skip | L3.B1:Skip | L4.B0:Full | L4.B1:Full
207,11110011,0.00390625,L1.B0:Full | L1.B1:Full | L2.B0:Full | L2.B1:Full | L3.B0:Skip | L3.B1:Skip | L4.B0:Full | L4.B1:Full
208,00001011,0.00390625,L1.B0:Skip | L1.B1:Skip | L2.B0:Skip | L2.B1:Skip | L3.B0:Full | L3.B1:Skip | L4.B0:Full | L4.B1:Full
209,10001011,0.00390625,L1.B0:Full | L1.B1:Skip | L2.B0:Skip | L2.B1:Skip | L3.B0:Full | L3.B1:Skip | L4.B0:Full | L4.B1:Full
210,01001011,0.00390625,L1.B0:Skip | L1.B1:Full | L2.B0:Skip | L2.B1:Skip | L3.B0:Full | L3.B1:Skip | L4.B0:Full | L4.B1:Full
211,11001011,0.00390625,L1.B0:Full | L1.B1:Full | L2.B0:Skip | L2.B1:Skip | L3.B0:Full | L3.B1:Skip | L4.B0:Full | L4.B1:Full
212,00101011,0.00390625,L1.B0:Skip | L1.B1:Skip | L2.B0:Full | L2.B1:Skip | L3.B0:Full | L3.B1:Skip | L4.B0:Full | L4.B1:Full
213,10101011,0.00390625,L1.B0:Full | L1.B1:Skip | L2.B0:Full | L2.B1:Skip | L3.B0:Full | L3.B1:Skip | L4.B0:Full | L4.B1:Full
214,01101011,0.00390625,L1.B0:Skip | L1.B1:Full | L2.B0:Full | L2.B1:Skip | L3.B0:Full | L3.B1:Skip | L4.B0:Full | L4.B1:Full
215,11101011,0.00390625,L1.B0:Full | L1.B1:Full | L2.B0:Full | L2.B1:Skip | L3.B0:Full | L3.B1:Skip | L4.B0:Full | L4.B1:Full
216,00011011,0.00390625,L1.B0:Skip | L1.B1:Skip | L2.B0:Skip | L2.B1:Full | L3.B0:Full | L3.B1:Skip | L4.B0:Full | L4.B1:Full
217,10011011,0.00390625,L1.B0:Full | L1.B1:Skip | L2.B0:Skip | L2.B1:Full | L3.B0:Full | L3.B1:Skip | L4.B0:Full | L4.B1:Full
218,01011011,0.00390625,L1.B0:Skip | L1.B1:Full | L2.B0:Skip | L2.B1:Full | L3.B0:Full | L3.B1:Skip | L4.B0:Full | L4.B1:Full
219,11011011,0.00390625,L1.B0:Full | L1.B1:Full | L2.B0:Skip | L2.B1:Full | L3.B0:Full | L3.B1:Skip | L4.B0:Full | L4.B1:Full
220,00111011,0.00390625,L1.B0:Skip | L1.B1:Skip | L2.B0:Full | L2.B1:Full | L3.B0:Full | L3.B1:Skip | L4.B0:Full | L4.B1:Full
221,10111011,0.00390625,L1.B0:Full | L1.B1:Skip | L2.B0:Full | L2.B1:Full | L3.B0:Full | L3.B1:Skip | L4.B0:Full | L4.B1:Full
222,01111011,0.00390625,L1.B0:Skip | L1.B1:Full | L2.B0:Full | L2.B1:Full | L3.B0:Full | L3.B1:Skip | L4.B0:Full | L4.B1:Full
223,11111011,0.00390625,L1.B0:Full | L1.B1:Full | L2.B0:Full | L2.B1:Full | L3.B0:Full | L3.B1:Skip | L4.B0:Full | L4.B1:Full
224,00000111,0.00390625,L1.B0:Skip | L1.B1:Skip | L2.B0:Skip | L2.B1:Skip | L3.B0:Skip | L3.B1:Full | L4.B0:Full | L4.B1:Full
225,10000111,0.00390625,L1.B0:Full | L1.B1:Skip | L2.B0:Skip | L2.B1:Skip | L3.B0:Skip | L3.B1:Full | L4.B0:Full | L4.B1:Full
226,01000111,0.00390625,L1.B0:Skip | L1.B1:Full | L2.B0:Skip | L2.B1:Skip | L3.B0:Skip | L3.B1:Full | L4.B0:Full | L4.B1:Full
227,11000111,0.00390625,L1.B0:Full | L1.B1:Full | L2.B0:Skip | L2.B1:Skip | L3.B0:Skip | L3.B1:Full | L4.B0:Full | L4.B1:Full
228,00100111,0.00390625,L1.B0:Skip | L1.B1:Skip | L2.B0:Full | L2.B1:Skip | L3.B0:Skip | L3.B1:Full | L4.B0:Full | L4.B1:Full
229,10100111,0.00390625,L1.B0:Full | L1.B1:Skip | L2.B0:Full | L2.B1:Skip | L3.B0:Skip | L3.B1:Full | L4.B0:Full | L4.B1:Full
230,01100111,0.00390625,L1.B0:Skip | L1.B1:Full | L2.B0:Full | L2.B1:Skip | L3.B0:Skip | L3.B1:Full | L4.B0:Full | L4.B1:Full
231,11100111,0.00390625,L1.B0:Full | L1.B1:Full | L2.B0:Full | L2.B1:Skip | L3.B0:Skip | L3.B1:Full | L4.B0:Full | L4.B1:Full
232,00010111,0.00390625,L1.B0:Skip | L1.B1:Skip | L2.B0:Skip | L2.B1:Full | L3.B0:Skip | L3.B1:Full | L4.B0:Full | L4.B1:Full
233,10010111,0.00390625,L1.B0:Full | L1.B1:Skip | L2.B0:Skip | L2.B1:Full | L3.B0:Skip | L3.B1:Full | L4.B0:Full | L4.B1:Full
234,01010111,0.00390625,L1.B0:Skip | L1.B1:Full | L2.B0:Skip | L2.B1:Full | L3.B0:Skip | L3.B1:Full | L4.B0:Full | L4.B1:Full
235,11010111,0.00390625,L1.B0:Full | L1.B1:Full | L2.B0:Skip | L2.B1:Full | L3.B0:Skip | L3.B1:Full | L4.B0:Full | L4.B1:Full
236,00110111,0.00390625,L1.B0:Skip | L1.B1:Skip | L2.B0:Full | L2.B1:Full | L3.B0:Skip | L3.B1:Full | L4.B0:Full | L4.B1:Full
237,10110111,0.00390625,L1.B0:Full | L1.B1:Skip | L2.B0:Full | L2.B1:Full | L3.B0:Skip | L3.B1:Full | L4.B0:Full | L4.B1:Full
238,01110111,0.00390625,L1.B0:Skip | L1.B1:Full | L2.B0:Full | L2.B1:Full | L3.B0:Skip | L3.B1:Full | L4.B0:Full | L4.B1:Full
239,11110111,0.00390625,L1.B0:Full | L1.B1:Full | L2.B0:Full | L2.B1:Full | L3.B0:Skip | L3.B1:Full | L4.B0:Full | L4.B1:Full
240,00001111,0.00390625,L1.B0:Skip | L1.B1:Skip | L2.B0:Skip | L2.B1:Skip | L3.B0:Full | L3.B1:Full | L4.B0:Full | L4.B1:Full
241,10001111,0.00390625,L1.B0:Full | L1.B1:Skip | L2.B0:Skip | L2.B1:Skip | L3.B0:Full | L3.B1:Full | L4.B0:Full | L4.B1:Full
242,01001111,0.00390625,L1.B0:Skip | L1.B1:Full | L2.B0:Skip | L2.B1:Skip | L3.B0:Full | L3.B1:Full | L4.B0:Full | L4.B1:Full
243,11001111,0.00390625,L1.B0:Full | L1.B1:Full | L2.B0:Skip | L2.B1:Skip | L3.B0:Full | L3.B1:Full | L4.B0:Full | L4.B1:Full
244,00101111,0.00390625,L1.B0:Skip | L1.B1:Skip | L2.B0:Full | L2.B1:Skip | L3.B0:Full | L3.B1:Full | L4.B0:Full | L4.B1:Full
245,10101111,0.00390625,L1.B0:Full | L1.B1:Skip | L2.B0:Full | L2.B1:Skip | L3.B0:Full | L3.B1:Full | L4.B0:Full | L4.B1:Full
246,01101111,0.00390625,L1.B0:Skip | L1.B1:Full | L2.B0:Full | L2.B1:Skip | L3.B0:Full | L3.B1:Full | L4.B0:Full | L4.B1:Full
247,11101111,0.00390625,L1.B0:Full | L1.B1:Full | L2.B0:Full | L2.B1:Skip | L3.B0:Full | L3.B1:Full | L4.B0:Full | L4.B1:Full
248,00011111,0.00390625,L1.B0:Skip | L1.B1:Skip | L2.B0:Skip | L2.B1:Full | L3.B0:Full | L3.B1:Full | L4.B0:Full | L4.B1:Full
249,10011111,0.00390625,L1.B0:Full | L1.B1:Skip | L2.B0:Skip | L2.B1:Full | L3.B0:Full | L3.B1:Full | L4.B0:Full | L4.B1:Full
250,01011111,0.00390625,L1.B0:Skip | L1.B1:Full | L2.B0:Skip | L2.B1:Full | L3.B0:Full | L3.B1:Full | L4.B0:Full | L4.B1:Full
251,11011111,0.00390625,L1.B0:Full | L1.B1:Full | L2.B0:Skip | L2.B1:Full | L3.B0:Full | L3.B1:Full | L4.B0:Full | L4.B1:Full
252,00111111,0.00390625,L1.B0:Skip | L1.B1:Skip | L2.B0:Full | L2.B1:Full | L3.B0:Full | L3.B1:Full | L4.B0:Full | L4.B1:Full
253,10111111,0.00390625,L1.B0:Full | L1.B1:Skip | L2.B0:Full | L2.B1:Full | L3.B0:Full | L3.B1:Full | L4.B0:Full | L4.B1:Full
254,01111111,0.00390625,L1.B0:Skip | L1.B1:Full | L2.B0:Full | L2.B1:Full | L3.B0:Full | L3.B1:Full | L4.B0:Full | L4.B1:Full
255,11111111,0.00390625,L1.B0:Full | L1.B1:Full | L2.B0:Full | L2.B1:Full | L3.B0:Full | L3.B1:Full | L4.B0:Full | L4.B1:Full
