epoch,train_loss,train_acc,test_loss,test_acc
0,4.660480021207761,1.0897435897435896,4.597151671783833,1.82
1,4.37495124951387,4.785657051282051,3.7304989054233215,13.16
2,4.222948175821549,6.957131410256411,3.4774971098839482,17.8
3,4.107167934148739,8.58173076923077,3.242117927044253,21.85
4,4.01717168428959,10.86338141025641,3.0862659080119075,24.71
5,3.9150344487948296,13.13701923076923,2.773409933983525,31.25
6,3.8178554742764206,15.46474358974359,2.570513613616364,34.97
7,3.7545846932973617,15.943509615384615,2.4802079321462895,36.78
8,3.6642174745217346,17.279647435897434,2.3661996503419513,40.19
9,3.6231230766345295,19.22275641025641,2.2193184608145606,43.9
10,3.521320638901148,21.774839743589745,2.215464178519913,42.56
11,3.4817372529934616,21.947115384615383,2.1025292994100835,45.57
12,3.4483363683407124,22.596153846153847,2.012900580333758,47.72
13,3.429629017145206,23.645833333333332,2.0552793741226196,48.88
14,3.3904741953580806,23.080929487179485,2.004681643051437,48.56
15,3.3465781847635907,24.693509615384617,2.0135289777683307,51.01
16,3.3069043330657175,26.526442307692307,1.878127119209193,52.41
17,3.3110367719943707,24.755608974358974,1.7797549525393714,56.39
18,3.248528028757144,27.776442307692307,1.762420498872105,56.34
19,3.2503182765765066,28.345352564102566,1.7541357339182986,55.62
20,3.2136866306647276,27.20753205128205,1.8673453466801704,53.98
21,3.154632309766916,29.557291666666668,1.7071261073969588,57.72
22,3.115764578794822,30.33253205128205,1.6868068598493744,59.45
23,3.148583191480392,31.231971153846153,1.6212501118454752,58.28
24,3.1114770458294796,31.23798076923077,1.6268839202349699,59.75
25,3.018983148611509,32.64022435897436,1.5736764367622664,62.15
26,3.1063580427414332,28.90625,1.5342057671728013,63.92
27,2.9446508459555796,34.52323717948718,1.431338734264615,64.01
28,2.983490687150222,33.40745192307692,1.5368072609358197,62.28
29,3.024683130398775,32.736378205128204,1.454577672330639,63.64
30,2.9963647961616515,32.317708333333336,1.4564216544356527,65.37
31,2.935149170496525,35.681089743589745,1.4644595007353192,64.88
32,2.905505189223167,34.010416666666664,1.4659495368788513,65.89
33,2.956887642236856,35.23036858974359,1.3866990774492673,66.19
34,2.927895154402806,35.55288461538461,1.3213485268097889,67.58
35,2.879367052897429,34.31290064102564,1.3030352260493026,67.53
36,2.906678917774787,34.71153846153846,1.367269091968295,67.74
37,2.9021823653808005,35.09815705128205,1.3441670363462423,68.09
38,2.882501382094163,35.02403846153846,1.317136693604385,67.8
39,2.8121722041032253,37.17948717948718,1.3723998039583616,66.56
40,2.8518746296564736,34.85576923076923,1.3409647594524334,68.33
41,2.8282051456280244,37.43389423076923,1.2552296511734589,70.15
42,2.8255058013475858,36.48036858974359,1.3548610195328918,68.03
43,2.840933297841977,36.638621794871796,1.3397065461436404,68.97
44,2.7925465773313474,38.21314102564103,1.2938200854047943,69.08
45,2.7666483011001195,37.33974358974359,1.2462352891511554,70.45
46,2.794817048158401,37.93269230769231,1.3909117602094818,69.51
47,2.761141343911489,37.317708333333336,1.306131038484694,70.38
48,2.7873776490871722,36.071714743589745,1.2164936307110363,70.28
49,2.741368928322425,39.09855769230769,1.267582344103463,70.3
50,2.7847917079925537,37.70633012820513,1.2742261539531659,69.86
51,2.8235454177245116,35.49879807692308,1.295790204518958,69.37
52,2.747628016655262,39.13661858974359,1.245426253427433,70.22
53,2.7113643627900346,37.92668269230769,1.16427121132235,71.93
54,2.694102931022644,39.16466346153846,1.2395719516126416,70.28
55,2.7566632218849967,40.154246794871796,1.301843540577949,69.92
56,2.7651425340236764,38.31730769230769,1.2457890193673629,70.69
57,2.7703703397359605,41.06971153846154,1.2113338324088085,70.94
58,2.6799526819816,38.73597756410256,1.345020755936828,70.31
59,2.7337456018496784,39.66746794871795,1.2523689813251737,71.26
60,2.703748677021418,38.014823717948715,1.1853887280331383,71.31
61,2.701258446008731,40.09214743589744,1.1726525878604455,73.06
62,2.7152664948732426,38.92628205128205,1.144930878017522,71.75
63,2.660985241180811,39.57932692307692,1.2337984223909015,70.99
64,2.645027610583183,39.375,1.1881253289271005,71.54
65,2.7102689211185162,43.44551282051282,1.1931562287898003,70.99
66,2.6818538369276586,39.86378205128205,1.142159134526796,72.89
67,2.6936254342397055,39.66746794871795,1.1702083258689204,72.67
68,2.698792531551459,39.947916666666664,1.2271769378758683,73.1
69,2.6365877490777234,42.95272435897436,1.1568168899680995,72.23
70,2.690181665848463,42.57011217948718,1.2306498258928709,71.02
71,2.687748120075617,42.365785256410255,1.183772493766833,72.46
72,2.6550686720090035,42.83253205128205,1.1993152446384672,73.19
73,2.671238778799008,42.85456730769231,1.1480513743207426,72.85
74,2.6721219371526668,41.875,1.1541777562491502,72.68
75,2.6252592542232613,40.58092948717949,1.20187826171706,73.19
76,2.6776745594464817,39.895833333333336,1.1959433389615408,72.51
77,2.646217002012791,41.9150641025641,1.1763337805301328,73.15
78,2.6324442649498963,41.47235576923077,1.1612890596631207,72.95
79,2.6824107353503885,38.08894230769231,1.1104048211363298,73.42
80,2.680798702973586,42.239583333333336,1.1625406130959717,72.86
81,2.6525485686766794,41.05769230769231,1.1313262219670452,73.07
82,2.6643621533344954,39.16065705128205,1.158800318271299,73.01
83,2.6237396735411425,41.302083333333336,1.1520830875710597,74.22
84,2.5761833493526165,43.74399038461539,1.118030526215517,73.84
85,2.6597164312998456,43.21714743589744,1.1947532801688472,73.39
86,2.631111208903484,41.47836538461539,1.137320642984366,73.76
87,2.5705413411825133,43.77804487179487,1.068810859812966,74.02
88,2.5905827613977284,42.08533653846154,1.2235593252544161,73.32
89,2.591258567418808,40.26842948717949,1.1720734117906304,74.17
90,2.5617423424353967,42.78445512820513,1.1295935760570477,73.18
91,2.578370390794216,42.916666666666664,1.1828588737717158,73.57
92,2.6100173549774364,42.43589743589744,1.126248296303085,73.87
93,2.550855807463328,44.11658653846154,1.1075315905522696,74.15
94,2.50319986924147,45.79927884615385,1.1224600023861173,74.6
95,2.594936828429882,39.42508012820513,1.1388876453230652,74.31
96,2.5608646044364343,41.29807692307692,1.1024149082884003,75.03
97,2.5614619444578124,44.713541666666664,1.2221236568462999,73.82
98,2.508220080840282,43.05689102564103,1.0715068865425978,74.5
99,2.4729517007485415,43.15905448717949,1.0454536955567855,75.99
100,2.511804726490608,42.56810897435897,1.069868431061129,75.49
101,2.577353450273856,41.96113782051282,1.1587279552145848,74.47
102,2.54583622828508,41.92508012820513,1.0818796836877171,74.98
103,2.537389743633759,43.58774038461539,1.141439563865903,75.15
104,2.490167912764427,39.8838141025641,1.1789064113097856,73.92
105,2.4956671146246103,44.244791666666664,1.1344507065000413,75.13
106,2.5082144749470245,46.72275641025641,1.132820833332931,74.95
107,2.498865952858558,45.286458333333336,1.076495747022991,76.37
108,2.4716943444349826,45.92347756410256,1.1302432025535196,75.56
109,2.464619856614333,46.9130608974359,1.134662250929241,74.8
110,2.410275642688458,47.02123397435897,1.089097655272182,75.38
111,2.5251515908119004,42.009214743589745,1.112346947947635,75.64
112,2.50755806458302,42.76442307692308,1.0805320121064972,76.27
113,2.466053737126864,46.28605769230769,1.0979889518097987,76.3
114,2.4736814070970583,45.47475961538461,1.0584902318218086,76.69
115,2.4736458903703933,47.08533653846154,1.0585911145693139,76.68
116,2.4504177515323344,42.63221153846154,1.1092508329620845,76.41
117,2.418388082430913,48.74399038461539,1.0873239787319038,76.43
118,2.432829369031466,46.330128205128204,1.056098837641221,77.7
119,2.3849598737863396,50.09415064102564,1.0608589354949662,77.01
120,2.416577288431999,48.235176282051285,1.1184849550452414,76.1
121,2.4591333884459274,49.15264423076923,1.1049404159376892,75.92
122,2.3857012372750503,48.70592948717949,1.0426918917064425,76.79
123,2.381576796067067,47.51602564102564,1.0042336258707167,77.12
124,2.3835082265046927,48.14503205128205,1.0903659296941153,76.9
125,2.4300476930080315,48.32532051282051,1.0877376123319697,77.03
126,2.4535684762856897,46.99719551282051,1.074112230463873,77.69
127,2.3954574908965673,48.938301282051285,1.073960222775423,77.13
128,2.403020043250842,45.7431891025641,1.0543848796735835,77.27
129,2.376449523216639,46.38221153846154,1.1517709636990028,76.11
130,2.369293303673084,46.49639423076923,1.0556522954868366,77.69
131,2.3509303948818108,47.91866987179487,1.0172501100769527,77.72
132,2.320963736069508,47.84855769230769,0.9851899546912953,77.94
133,2.3204284600722485,47.29366987179487,1.0366180320329303,77.83
134,2.363826509316762,47.03926282051282,1.032795336427568,78.63
135,2.3597996678107824,50.11418269230769,1.0788506835321836,76.83
136,2.3460910002390545,51.15384615384615,1.0150499713571766,77.85
137,2.3534916886916526,49.78165064102564,1.0582950447179094,78.1
138,2.321638384843484,46.18589743589744,1.028667714022383,77.87
139,2.2937524242278857,46.11778846153846,1.0503552842743789,78.61
140,2.3120559750459133,47.78245192307692,1.0586990729162964,78.15
141,2.3576969030575876,46.32211538461539,1.0170085430145264,78.55
142,2.298062720665565,49.172676282051285,0.9554772060128707,78.72
143,2.3272714174710787,50.28445512820513,1.0419924515712111,78.71
144,2.2488580028216045,53.13100961538461,0.955290523510945,79.04
145,2.2868217251239678,48.96834935897436,1.0039528962932056,78.81
146,2.296578611166049,51.640625,1.0074246706841867,78.85
147,2.2869305540353824,49.81570512820513,1.088662252395968,78.15
148,2.307175778119992,46.70272435897436,0.9870647516431688,79.09
149,2.253063808649014,51.061698717948715,1.031532636926144,79.51
150,2.196379119921953,51.78685897435897,0.9560927710955656,79.39
151,2.2962359300026525,50.34855769230769,0.9722090952004059,79.37
152,2.2687001161086253,48.15504807692308,0.9584344881999342,79.41
153,2.275975712140401,51.69471153846154,0.9865563602387151,79.11
154,2.301968848093962,50.9755608974359,1.0028570935695986,80.06
155,2.216065872326875,53.235176282051285,1.021959039229381,79.87
156,2.2538159422385386,51.1318108974359,1.015377865561956,79.74
157,2.2085742984062584,53.08293269230769,0.9937239651438556,79.68
158,2.171333705767607,51.193910256410255,1.0116311922858032,79.79
159,2.1673297530565505,53.177083333333336,0.9742420232748683,79.84
160,2.236108448566535,49.479166666666664,0.9273080727722072,80.31
161,2.222159837606626,49.08253205128205,0.9597823702836339,80.36
162,2.107162799285008,50.90745192307692,0.9222377259520036,80.43
163,2.1978220591178306,50.72716346153846,1.0399197423005406,79.59
164,2.2253220237218416,50.68509615384615,0.9924745967116537,79.89
165,2.2128327064025095,50.837339743589745,1.0237466225141212,79.9
166,2.1127211378170894,51.54246794871795,1.0100471626354168,80.08
167,2.121371549367905,53.95432692307692,0.95191848881637,80.78
168,2.225046148361304,54.19471153846154,0.9843748543835893,80.23
169,2.1580854822427797,50.40064102564103,0.9324266156063804,80.59
170,2.2063814820387426,52.41586538461539,1.0133349427694007,80.34
171,2.1519020757614036,54.08253205128205,0.9590045583399036,80.81
172,2.1542050361633303,53.59975961538461,1.0151249343835855,80.14
173,2.170102114555163,52.21754807692308,0.9756433737428882,80.71
174,2.1399784659728027,54.997996794871796,0.9573257369331166,81.19
175,2.1772203485171002,51.00761217948718,0.9538982057873207,80.75
176,2.0929148996487643,55.06009615384615,0.9824570274051232,80.61
177,2.101296479732562,55.48677884615385,0.9522617059417918,81.12
178,2.0928907426503986,55.97155448717949,1.0097143672689606,80.59
179,2.1150271093234037,54.74559294871795,0.9689740365064596,80.63
180,2.1549440558140094,52.88461538461539,0.9604045710986173,81.08
181,2.1652313935451017,51.47235576923077,0.9655230090587954,80.87
182,2.0964809776880804,53.459535256410255,0.9634772825844681,81.02
183,2.021821543192252,54.40504807692308,0.9291161593002609,81.37
184,2.1141033923014616,54.13461538461539,0.9464049957975557,81.07
185,2.1276875498967294,52.75240384615385,0.9403280879877791,81.05
186,2.1609555701414744,53.31129807692308,1.017943868908701,80.88
187,2.1302174812708143,51.55048076923077,0.982133357585231,81.02
188,2.1408659890676156,55.47676282051282,1.0024102254758906,80.81
189,2.0622831520361777,54.889823717948715,0.9684876022459585,81.15
190,2.09670740045034,56.115785256410255,0.949126972427851,81.06
191,2.0669827062350055,56.53445512820513,0.9471956491470337,81.25
192,2.0632907389066157,54.50320512820513,0.957499753070783,81.34
193,2.0596274565427732,56.115785256410255,0.9489627352243737,81.49
194,2.129767227784181,53.31530448717949,1.0130771111838426,80.94
195,2.103236725085821,53.79407051282051,0.9640179216107235,81.21
196,2.0776438791018266,54.70753205128205,0.9462614512141747,81.2
197,2.124436417604104,51.86298076923077,0.9318040775347359,81.39
198,2.162625281016032,53.78405448717949,0.9586335390428954,81.29
199,2.0364117237237784,56.69871794871795,0.906328667568255,81.25
